[{"model": "app.store", "pk": 1, "fields": {"store_name": "michael-john-devs.myshopify.com", "permanent_token": "fb40ed51a032685beebb71c597502449", "active": true}}, {"model": "app.store", "pk": 2, "fields": {"store_name": "not-setup-store.myshopify.com", "permanent_token": "222", "active": false}}, {"model": "app.store", "pk": 3, "fields": {"store_name": "setup-store.myshopify.com", "permanent_token": "333", "active": false}}, {"model": "app.store", "pk": 4, "fields": {"store_name": "michaeljohnsecond.myshopify.com", "permanent_token": "6b1b69f12873fb27ab9ae32fbe3628ad", "active": false}}, {"model": "app.storesettings", "pk": 5, "fields": {"store": 1, "look_back": 24}}, {"model": "app.storesettings", "pk": 6, "fields": {"store": 3, "look_back": 24}}, {"model": "app.storesettings", "pk": 8, "fields": {"store": 2, "look_back": 24}}, {"model": "app.product", "pk": 1, "fields": {"store": 1, "product_id": "293835145247", "product_name": "Burton Custom Freestyle 120", "main_image_url": "https://cdn.shopify.com/s/files/1/2495/0576/products/boratgs.jpg?v=1511841956", "handle": "burton-custom-freestyle-120", "product_type": "Snowboard", "vendor": "Burton", "tags": ""}}, {"model": "app.product", "pk": 2, "fields": {"store": 1, "product_id": "286417092639", "product_name": "Burton Custom Freestyle 151", "main_image_url": "https://cdn.shopify.com/s/files/1/2495/0576/products/bross-macbook1.jpg?v=1511841969", "handle": "burton-custom-freestyle-151", "product_type": "", "vendor": "Burton", "tags": "Cotton, Sick Tag"}}, {"model": "app.product", "pk": 3, "fields": {"store": 1, "product_id": "286432493599", "product_name": "Burton Custom Freestyle 151", "main_image_url": "", "handle": "burton-custom-freestyle-152", "product_type": "Snowboard", "vendor": "Burton", "tags": ""}}, {"model": "app.product", "pk": 4, "fields": {"store": 1, "product_id": "286435016735", "product_name": "Burton Custom Freestyle 151", "main_image_url": "", "handle": "burton-custom-freestyle-153", "product_type": "Snowboard", "vendor": "Burton", "tags": ""}}, {"model": "app.product", "pk": 5, "fields": {"store": 1, "product_id": "286436229151", "product_name": "Burton Custom Freestyle 151", "main_image_url": "", "handle": "burton-custom-freestyle-154", "product_type": "Snowboard", "vendor": "Burton", "tags": ""}}, {"model": "app.product", "pk": 6, "fields": {"store": 1, "product_id": "288707575839", "product_name": "Burton Custom Freestyle 151", "main_image_url": "", "handle": "burton-custom-freestyle-155", "product_type": "Snowboard", "vendor": "Burton", "tags": ""}}, {"model": "app.product", "pk": 7, "fields": {"store": 1, "product_id": "293836128287", "product_name": "Burton Custom Freestyle 154", "main_image_url": "", "handle": "burton-custom-freestyle-156", "product_type": "Snowboard", "vendor": "Burton", "tags": ""}}, {"model": "app.product", "pk": 8, "fields": {"store": 1, "product_id": "293836062751", "product_name": "Burton Custom Freestyle 26", "main_image_url": "", "handle": "burton-custom-freestyle-26", "product_type": "Snowboard", "vendor": "Burton", "tags": ""}}, {"model": "app.product", "pk": 9, "fields": {"store": 1, "product_id": "329968582687", "product_name": "Burton Custom Freestyle 2775", "main_image_url": "", "handle": "burton-custom-freestyle-2775", "product_type": "Snowboard", "vendor": "Burton", "tags": ""}}, {"model": "app.product", "pk": 10, "fields": {"store": 1, "product_id": "329969631263", "product_name": "Burton Custom Freestyle 4862", "main_image_url": "", "handle": "burton-custom-freestyle-4862", "product_type": "Snowboard", "vendor": "Burton", "tags": ""}}, {"model": "app.product", "pk": 11, "fields": {"store": 1, "product_id": "293836161055", "product_name": "Burton Custom Freestyle 80", "main_image_url": "", "handle": "burton-custom-freestyle-80", "product_type": "Snowboard", "vendor": "Burton", "tags": ""}}, {"model": "app.product", "pk": 12, "fields": {"store": 1, "product_id": "297692921887", "product_name": "Burton Custom Freestyle 8954", "main_image_url": "https://cdn.shopify.com/s/files/1/2495/0576/products/boratgs_3e789ae4-d866-48ca-a749-9ab2238ba5e4.jpg?v=1511841991", "handle": "burton-custom-freestyle-8954", "product_type": "Snowboard", "vendor": "Burton", "tags": ""}}, {"model": "app.product", "pk": 13, "fields": {"store": 4, "product_id": "487347945514", "product_name": "First Product", "main_image_url": "", "handle": "first-product", "product_type": "", "vendor": "", "tags": ""}}, {"model": "app.collection", "pk": 1, "fields": {"product": 2, "collection_id": "16494297119"}}, {"model": "app.collection", "pk": 2, "fields": {"product": 1, "collection_id": "16494297119"}}, {"model": "app.collection", "pk": 3, "fields": {"product": 2, "collection_id": "13456932895"}}, {"model": "app.collection", "pk": 4, "fields": {"product": 1, "collection_id": "13456932895"}}, {"model": "app.orders", "pk": 7, "fields": {"store": 1, "product": 1, "order_id": "191599869983", "qty": 22, "processed_at": "2017-11-20T17:55:57Z", "first_name": "", "last_name": "", "province_code": "", "country_code": ""}}, {"model": "app.orders", "pk": 8, "fields": {"store": 1, "product": 2, "order_id": "191599869983", "qty": 33, "processed_at": "2017-11-20T17:55:57Z", "first_name": "", "last_name": "", "province_code": "", "country_code": ""}}, {"model": "app.orders", "pk": 9, "fields": {"store": 1, "product": 11, "order_id": "191498354719", "qty": 4, "processed_at": "2017-11-20T16:59:58Z", "first_name": "", "last_name": "", "province_code": "", "country_code": ""}}, {"model": "app.orders", "pk": 10, "fields": {"store": 1, "product": 11, "order_id": "191606423583", "qty": 61, "processed_at": "2017-11-20T18:00:38Z", "first_name": "", "last_name": "", "province_code": "", "country_code": ""}}, {"model": "app.orders", "pk": 11, "fields": {"store": 1, "product": 12, "order_id": "199740096543", "qty": 1, "processed_at": "2017-11-23T19:46:13Z", "first_name": "Bob", "last_name": "S.", "province_code": "MA", "country_code": "US"}}, {"model": "app.modal", "pk": 3, "fields": {"store": 1, "location": "top-right", "color_hue": 83.28, "color_saturation": 0.306, "color_brightness": 0.487, "social_setting": "view", "size": "250,100"}}, {"model": "app.modal", "pk": 4, "fields": {"store": 3, "location": "top-right", "color_hue": 83.28, "color_saturation": 0.306, "color_brightness": 0.487, "social_setting": "latest", "size": "250,100"}}, {"model": "app.modal", "pk": 6, "fields": {"store": 2, "location": "top-right", "color_hue": 83.28, "color_saturation": 0.306, "color_brightness": 0.487, "social_setting": "latest", "size": "250,100"}}, {"model": "app.apimetrics", "pk": 1, "fields": {"view": "store_settings", "snapshot_date": "2017-11-28", "view_count": 39, "method": "GET"}}, {"model": "app.apimetrics", "pk": 2, "fields": {"view": "store_settings_api", "snapshot_date": "2017-11-28", "view_count": 41, "method": "GET"}}, {"model": "app.apimetrics", "pk": 3, "fields": {"view": "index", "snapshot_date": "2017-11-28", "view_count": 2, "method": "GET"}}, {"model": "app.apimetrics", "pk": 4, "fields": {"view": "modal_api", "snapshot_date": "2017-11-28", "view_count": 26, "method": "GET"}}, {"model": "app.apimetrics", "pk": 5, "fields": {"view": "store_settings_api", "snapshot_date": "2017-11-28", "view_count": 2, "method": "POST"}}, {"model": "app.apimetrics", "pk": 6, "fields": {"view": "store_settings", "snapshot_date": "2017-11-29", "view_count": 11, "method": "GET"}}, {"model": "app.apimetrics", "pk": 7, "fields": {"view": "store_settings_api", "snapshot_date": "2017-11-29", "view_count": 11, "method": "GET"}}, {"model": "app.apimetrics", "pk": 8, "fields": {"view": "modal_api", "snapshot_date": "2017-11-29", "view_count": 32, "method": "GET"}}, {"model": "app.apimetrics", "pk": 9, "fields": {"view": "related_products_api", "snapshot_date": "2017-11-29", "view_count": 93, "method": "GET"}}, {"model": "contenttypes.contenttype", "pk": 1, "fields": {"app_label": "app", "model": "modal"}}, {"model": "contenttypes.contenttype", "pk": 2, "fields": {"app_label": "app", "model": "modaltextsettings"}}, {"model": "contenttypes.contenttype", "pk": 3, "fields": {"app_label": "app", "model": "orders"}}, {"model": "contenttypes.contenttype", "pk": 4, "fields": {"app_label": "app", "model": "product"}}, {"model": "contenttypes.contenttype", "pk": 5, "fields": {"app_label": "app", "model": "productviews"}}, {"model": "contenttypes.contenttype", "pk": 6, "fields": {"app_label": "app", "model": "store"}}, {"model": "contenttypes.contenttype", "pk": 7, "fields": {"app_label": "app", "model": "storesettings"}}, {"model": "contenttypes.contenttype", "pk": 8, "fields": {"app_label": "admin", "model": "logentry"}}, {"model": "contenttypes.contenttype", "pk": 9, "fields": {"app_label": "auth", "model": "permission"}}, {"model": "contenttypes.contenttype", "pk": 10, "fields": {"app_label": "auth", "model": "group"}}, {"model": "contenttypes.contenttype", "pk": 11, "fields": {"app_label": "auth", "model": "user"}}, {"model": "contenttypes.contenttype", "pk": 12, "fields": {"app_label": "contenttypes", "model": "contenttype"}}, {"model": "contenttypes.contenttype", "pk": 13, "fields": {"app_label": "sessions", "model": "session"}}, {"model": "contenttypes.contenttype", "pk": 14, "fields": {"app_label": "app", "model": "apimetrics"}}, {"model": "contenttypes.contenttype", "pk": 15, "fields": {"app_label": "app", "model": "collection"}}, {"model": "sessions.session", "pk": "77q1orqqbyzm3s83s3yzdmius20tfn3z", "fields": {"session_data": "N2QzNzJmZDc4ZTE0NDhmOTExZDUzNDZmYzczMjc5OWM4ZjQ0M2E5Yjp7InNob3BpZnkiOnsic2hvcF91cmwiOiJtaWNoYWVsLWpvaG4tZGV2cy5teXNob3BpZnkuY29tIn19", "expire_date": "2017-12-09T14:15:04.363Z"}}, {"model": "sessions.session", "pk": "qyss4756sjw7itfesahdfak5hs8myuw2", "fields": {"session_data": "ZGRmOGZiYTY2ZTVjYWZkMTYxYTllZGRjMWYwYTQxNjZmMTk2NGRhYTp7InJldHVybl90byI6Ii9hcGkvc3RvcmVfc2V0dGluZ3Mvbm90LXNldHVwLXN0b3JlLm15c2hvcGlmeS5jb20ifQ==", "expire_date": "2017-12-01T14:51:34.020Z"}}, {"model": "sessions.session", "pk": "ueujzl3k1w6q4yh2tex3p2bysebbzk35", "fields": {"session_data": "N2QzNzJmZDc4ZTE0NDhmOTExZDUzNDZmYzczMjc5OWM4ZjQ0M2E5Yjp7InNob3BpZnkiOnsic2hvcF91cmwiOiJtaWNoYWVsLWpvaG4tZGV2cy5teXNob3BpZnkuY29tIn19", "expire_date": "2017-12-12T16:08:32.765Z"}}, {"model": "auth.permission", "pk": 1, "fields": {"name": "Can add modal", "content_type": 1, "codename": "add_modal"}}, {"model": "auth.permission", "pk": 2, "fields": {"name": "Can change modal", "content_type": 1, "codename": "change_modal"}}, {"model": "auth.permission", "pk": 3, "fields": {"name": "Can delete modal", "content_type": 1, "codename": "delete_modal"}}, {"model": "auth.permission", "pk": 4, "fields": {"name": "Can add modal text settings", "content_type": 2, "codename": "add_modaltextsettings"}}, {"model": "auth.permission", "pk": 5, "fields": {"name": "Can change modal text settings", "content_type": 2, "codename": "change_modaltextsettings"}}, {"model": "auth.permission", "pk": 6, "fields": {"name": "Can delete modal text settings", "content_type": 2, "codename": "delete_modaltextsettings"}}, {"model": "auth.permission", "pk": 7, "fields": {"name": "Can add orders", "content_type": 3, "codename": "add_orders"}}, {"model": "auth.permission", "pk": 8, "fields": {"name": "Can change orders", "content_type": 3, "codename": "change_orders"}}, {"model": "auth.permission", "pk": 9, "fields": {"name": "Can delete orders", "content_type": 3, "codename": "delete_orders"}}, {"model": "auth.permission", "pk": 10, "fields": {"name": "Can add product", "content_type": 4, "codename": "add_product"}}, {"model": "auth.permission", "pk": 11, "fields": {"name": "Can change product", "content_type": 4, "codename": "change_product"}}, {"model": "auth.permission", "pk": 12, "fields": {"name": "Can delete product", "content_type": 4, "codename": "delete_product"}}, {"model": "auth.permission", "pk": 13, "fields": {"name": "Can add product views", "content_type": 5, "codename": "add_productviews"}}, {"model": "auth.permission", "pk": 14, "fields": {"name": "Can change product views", "content_type": 5, "codename": "change_productviews"}}, {"model": "auth.permission", "pk": 15, "fields": {"name": "Can delete product views", "content_type": 5, "codename": "delete_productviews"}}, {"model": "auth.permission", "pk": 16, "fields": {"name": "Can add store", "content_type": 6, "codename": "add_store"}}, {"model": "auth.permission", "pk": 17, "fields": {"name": "Can change store", "content_type": 6, "codename": "change_store"}}, {"model": "auth.permission", "pk": 18, "fields": {"name": "Can delete store", "content_type": 6, "codename": "delete_store"}}, {"model": "auth.permission", "pk": 19, "fields": {"name": "Can add store settings", "content_type": 7, "codename": "add_storesettings"}}, {"model": "auth.permission", "pk": 20, "fields": {"name": "Can change store settings", "content_type": 7, "codename": "change_storesettings"}}, {"model": "auth.permission", "pk": 21, "fields": {"name": "Can delete store settings", "content_type": 7, "codename": "delete_storesettings"}}, {"model": "auth.permission", "pk": 22, "fields": {"name": "Can add log entry", "content_type": 8, "codename": "add_logentry"}}, {"model": "auth.permission", "pk": 23, "fields": {"name": "Can change log entry", "content_type": 8, "codename": "change_logentry"}}, {"model": "auth.permission", "pk": 24, "fields": {"name": "Can delete log entry", "content_type": 8, "codename": "delete_logentry"}}, {"model": "auth.permission", "pk": 25, "fields": {"name": "Can add permission", "content_type": 9, "codename": "add_permission"}}, {"model": "auth.permission", "pk": 26, "fields": {"name": "Can change permission", "content_type": 9, "codename": "change_permission"}}, {"model": "auth.permission", "pk": 27, "fields": {"name": "Can delete permission", "content_type": 9, "codename": "delete_permission"}}, {"model": "auth.permission", "pk": 28, "fields": {"name": "Can add group", "content_type": 10, "codename": "add_group"}}, {"model": "auth.permission", "pk": 29, "fields": {"name": "Can change group", "content_type": 10, "codename": "change_group"}}, {"model": "auth.permission", "pk": 30, "fields": {"name": "Can delete group", "content_type": 10, "codename": "delete_group"}}, {"model": "auth.permission", "pk": 31, "fields": {"name": "Can add user", "content_type": 11, "codename": "add_user"}}, {"model": "auth.permission", "pk": 32, "fields": {"name": "Can change user", "content_type": 11, "codename": "change_user"}}, {"model": "auth.permission", "pk": 33, "fields": {"name": "Can delete user", "content_type": 11, "codename": "delete_user"}}, {"model": "auth.permission", "pk": 34, "fields": {"name": "Can add content type", "content_type": 12, "codename": "add_contenttype"}}, {"model": "auth.permission", "pk": 35, "fields": {"name": "Can change content type", "content_type": 12, "codename": "change_contenttype"}}, {"model": "auth.permission", "pk": 36, "fields": {"name": "Can delete content type", "content_type": 12, "codename": "delete_contenttype"}}, {"model": "auth.permission", "pk": 37, "fields": {"name": "Can add session", "content_type": 13, "codename": "add_session"}}, {"model": "auth.permission", "pk": 38, "fields": {"name": "Can change session", "content_type": 13, "codename": "change_session"}}, {"model": "auth.permission", "pk": 39, "fields": {"name": "Can delete session", "content_type": 13, "codename": "delete_session"}}, {"model": "auth.permission", "pk": 40, "fields": {"name": "Can add api metrics", "content_type": 14, "codename": "add_apimetrics"}}, {"model": "auth.permission", "pk": 41, "fields": {"name": "Can change api metrics", "content_type": 14, "codename": "change_apimetrics"}}, {"model": "auth.permission", "pk": 42, "fields": {"name": "Can delete api metrics", "content_type": 14, "codename": "delete_apimetrics"}}, {"model": "auth.permission", "pk": 43, "fields": {"name": "Can add collection", "content_type": 15, "codename": "add_collection"}}, {"model": "auth.permission", "pk": 44, "fields": {"name": "Can change collection", "content_type": 15, "codename": "change_collection"}}, {"model": "auth.permission", "pk": 45, "fields": {"name": "Can delete collection", "content_type": 15, "codename": "delete_collection"}}]