[
{
    "model": "app.store",
    "pk": 1,
    "fields": {
        "store_name": "michael-john-devs.myshopify.com",
        "permanent_token": "fb40ed51a032685beebb71c597502449",
        "active": true
    }
},
{
    "model": "app.store",
    "pk": 2,
    "fields": {
        "store_name": "not-setup-store.myshopify.com",
        "permanent_token": "222",
        "active": false
    }
},
{
    "model": "app.store",
    "pk": 3,
    "fields": {
        "store_name": "setup-store.myshopify.com",
        "permanent_token": "333",
        "active": false
    }
},
{
    "model": "app.store",
    "pk": 4,
    "fields": {
        "store_name": "michaeljohnsecond.myshopify.com",
        "permanent_token": "6b1b69f12873fb27ab9ae32fbe3628ad",
        "active": false
    }
},
{
    "model": "app.storesettings",
    "pk": 5,
    "fields": {
        "store": 1,
        "look_back": 24
    }
},
{
    "model": "app.storesettings",
    "pk": 6,
    "fields": {
        "store": 3,
        "look_back": 24
    }
},
{
    "model": "app.storesettings",
    "pk": 8,
    "fields": {
        "store": 2,
        "look_back": 24
    }
},
{
    "model": "app.product",
    "pk": 1,
    "fields": {
        "store": 1,
        "product_id": "293835145247",
        "product_name": "Burton Custom Freestyle 120",
        "main_image_url": "https://cdn.shopify.com/s/files/1/2495/0576/products/boratgs.jpg?v=1511841956",
        "handle": "burton-custom-freestyle-120",
        "product_type": "Snowboard",
        "vendor": "Burton",
        "tags": ""
    }
},
{
    "model": "app.product",
    "pk": 2,
    "fields": {
        "store": 1,
        "product_id": "286417092639",
        "product_name": "Burton Custom Freestyle 151",
        "main_image_url": "https://cdn.shopify.com/s/files/1/2495/0576/products/bross-macbook1.jpg?v=1511841969",
        "handle": "burton-custom-freestyle-151",
        "product_type": "",
        "vendor": "Burton",
        "tags": "Cotton, Sick Tag"
    }
},
{
    "model": "app.product",
    "pk": 3,
    "fields": {
        "store": 1,
        "product_id": "286432493599",
        "product_name": "Burton Custom Freestyle 151",
        "main_image_url": "",
        "handle": "burton-custom-freestyle-152",
        "product_type": "Snowboard",
        "vendor": "Burton",
        "tags": ""
    }
},
{
    "model": "app.product",
    "pk": 4,
    "fields": {
        "store": 1,
        "product_id": "286435016735",
        "product_name": "Burton Custom Freestyle 151",
        "main_image_url": "",
        "handle": "burton-custom-freestyle-153",
        "product_type": "Snowboard",
        "vendor": "Burton",
        "tags": "Sick Tag"
    }
},
{
    "model": "app.product",
    "pk": 5,
    "fields": {
        "store": 1,
        "product_id": "286436229151",
        "product_name": "Burton Custom Freestyle 151",
        "main_image_url": "",
        "handle": "burton-custom-freestyle-154",
        "product_type": "Snowboard",
        "vendor": "Burton",
        "tags": ""
    }
},
{
    "model": "app.product",
    "pk": 6,
    "fields": {
        "store": 1,
        "product_id": "288707575839",
        "product_name": "Burton Custom Freestyle 151",
        "main_image_url": "",
        "handle": "burton-custom-freestyle-155",
        "product_type": "Snowboard",
        "vendor": "Burton",
        "tags": ""
    }
},
{
    "model": "app.product",
    "pk": 7,
    "fields": {
        "store": 1,
        "product_id": "293836128287",
        "product_name": "Burton Custom Freestyle 154",
        "main_image_url": "",
        "handle": "burton-custom-freestyle-156",
        "product_type": "Snowboard",
        "vendor": "Burton",
        "tags": ""
    }
},
{
    "model": "app.product",
    "pk": 8,
    "fields": {
        "store": 1,
        "product_id": "293836062751",
        "product_name": "Burton Custom Freestyle 26",
        "main_image_url": "",
        "handle": "burton-custom-freestyle-26",
        "product_type": "Snowboard",
        "vendor": "Burton",
        "tags": ""
    }
},
{
    "model": "app.product",
    "pk": 9,
    "fields": {
        "store": 1,
        "product_id": "329968582687",
        "product_name": "Burton Custom Freestyle 2775",
        "main_image_url": "",
        "handle": "burton-custom-freestyle-2775",
        "product_type": "Snowboard",
        "vendor": "Burton",
        "tags": ""
    }
},
{
    "model": "app.product",
    "pk": 10,
    "fields": {
        "store": 1,
        "product_id": "329969631263",
        "product_name": "Burton Custom Freestyle 4862",
        "main_image_url": "",
        "handle": "burton-custom-freestyle-4862",
        "product_type": "Snowboard",
        "vendor": "Burton",
        "tags": ""
    }
},
{
    "model": "app.product",
    "pk": 11,
    "fields": {
        "store": 1,
        "product_id": "293836161055",
        "product_name": "Burton Custom Freestyle 80",
        "main_image_url": "",
        "handle": "burton-custom-freestyle-80",
        "product_type": "Snowboard",
        "vendor": "Burton",
        "tags": ""
    }
},
{
    "model": "app.product",
    "pk": 12,
    "fields": {
        "store": 1,
        "product_id": "297692921887",
        "product_name": "Burton Custom Freestyle 8954",
        "main_image_url": "https://cdn.shopify.com/s/files/1/2495/0576/products/boratgs_3e789ae4-d866-48ca-a749-9ab2238ba5e4.jpg?v=1511841991",
        "handle": "burton-custom-freestyle-8954",
        "product_type": "Snowboard",
        "vendor": "Burton",
        "tags": ""
    }
},
{
    "model": "app.product",
    "pk": 13,
    "fields": {
        "store": 4,
        "product_id": "487347945514",
        "product_name": "First Product",
        "main_image_url": "",
        "handle": "first-product",
        "product_type": "",
        "vendor": "",
        "tags": ""
    }
},
{
    "model": "app.collection",
    "pk": 1,
    "fields": {
        "product": 2,
        "collection_id": "16494297119"
    }
},
{
    "model": "app.collection",
    "pk": 2,
    "fields": {
        "product": 1,
        "collection_id": "16494297119"
    }
},
{
    "model": "app.collection",
    "pk": 3,
    "fields": {
        "product": 2,
        "collection_id": "13456932895"
    }
},
{
    "model": "app.collection",
    "pk": 4,
    "fields": {
        "product": 1,
        "collection_id": "13456932895"
    }
},
{
    "model": "app.orders",
    "pk": 7,
    "fields": {
        "store": 1,
        "product": 1,
        "order_id": "191599869983",
        "qty": 22,
        "processed_at": "2017-11-20T17:55:57Z",
        "first_name": "",
        "last_name": "",
        "province_code": "",
        "country_code": ""
    }
},
{
    "model": "app.orders",
    "pk": 8,
    "fields": {
        "store": 1,
        "product": 2,
        "order_id": "191599869983",
        "qty": 33,
        "processed_at": "2017-11-20T17:55:57Z",
        "first_name": "",
        "last_name": "",
        "province_code": "",
        "country_code": ""
    }
},
{
    "model": "app.orders",
    "pk": 9,
    "fields": {
        "store": 1,
        "product": 11,
        "order_id": "191498354719",
        "qty": 4,
        "processed_at": "2017-11-20T16:59:58Z",
        "first_name": "",
        "last_name": "",
        "province_code": "",
        "country_code": ""
    }
},
{
    "model": "app.orders",
    "pk": 10,
    "fields": {
        "store": 1,
        "product": 11,
        "order_id": "191606423583",
        "qty": 61,
        "processed_at": "2017-11-20T18:00:38Z",
        "first_name": "",
        "last_name": "",
        "province_code": "",
        "country_code": ""
    }
},
{
    "model": "app.orders",
    "pk": 11,
    "fields": {
        "store": 1,
        "product": 12,
        "order_id": "199740096543",
        "qty": 1,
        "processed_at": "2017-11-23T19:46:13Z",
        "first_name": "Bob",
        "last_name": "S.",
        "province_code": "MA",
        "country_code": "US"
    }
},
{
    "model": "app.modal",
    "pk": 3,
    "fields": {
        "store": 1,
        "location": "top-right",
        "color_hue": 83.28,
        "color_saturation": 0.306,
        "color_brightness": 0.487,
        "social_setting": "view",
        "size": "250,100"
    }
},
{
    "model": "app.modal",
    "pk": 4,
    "fields": {
        "store": 3,
        "location": "top-right",
        "color_hue": 83.28,
        "color_saturation": 0.306,
        "color_brightness": 0.487,
        "social_setting": "latest",
        "size": "250,100"
    }
},
{
    "model": "app.modal",
    "pk": 6,
    "fields": {
        "store": 2,
        "location": "top-right",
        "color_hue": 83.28,
        "color_saturation": 0.306,
        "color_brightness": 0.487,
        "social_setting": "latest",
        "size": "250,100"
    }
},
{
    "model": "app.apimetrics",
    "pk": 1,
    "fields": {
        "view": "store_settings",
        "snapshot_date": "2017-11-28",
        "view_count": 39,
        "method": "GET"
    }
},
{
    "model": "app.apimetrics",
    "pk": 2,
    "fields": {
        "view": "store_settings_api",
        "snapshot_date": "2017-11-28",
        "view_count": 41,
        "method": "GET"
    }
},
{
    "model": "app.apimetrics",
    "pk": 3,
    "fields": {
        "view": "index",
        "snapshot_date": "2017-11-28",
        "view_count": 2,
        "method": "GET"
    }
},
{
    "model": "app.apimetrics",
    "pk": 4,
    "fields": {
        "view": "modal_api",
        "snapshot_date": "2017-11-28",
        "view_count": 26,
        "method": "GET"
    }
},
{
    "model": "app.apimetrics",
    "pk": 5,
    "fields": {
        "view": "store_settings_api",
        "snapshot_date": "2017-11-28",
        "view_count": 2,
        "method": "POST"
    }
},
{
    "model": "app.apimetrics",
    "pk": 6,
    "fields": {
        "view": "store_settings",
        "snapshot_date": "2017-11-29",
        "view_count": 13,
        "method": "GET"
    }
},
{
    "model": "app.apimetrics",
    "pk": 7,
    "fields": {
        "view": "store_settings_api",
        "snapshot_date": "2017-11-29",
        "view_count": 15,
        "method": "GET"
    }
},
{
    "model": "app.apimetrics",
    "pk": 8,
    "fields": {
        "view": "modal_api",
        "snapshot_date": "2017-11-29",
        "view_count": 32,
        "method": "GET"
    }
},
{
    "model": "app.apimetrics",
    "pk": 9,
    "fields": {
        "view": "related_products_api",
        "snapshot_date": "2017-11-29",
        "view_count": 101,
        "method": "GET"
    }
},
{
    "model": "sessions.session",
    "pk": "77q1orqqbyzm3s83s3yzdmius20tfn3z",
    "fields": {
        "session_data": "N2QzNzJmZDc4ZTE0NDhmOTExZDUzNDZmYzczMjc5OWM4ZjQ0M2E5Yjp7InNob3BpZnkiOnsic2hvcF91cmwiOiJtaWNoYWVsLWpvaG4tZGV2cy5teXNob3BpZnkuY29tIn19",
        "expire_date": "2017-12-09T14:15:04.363Z"
    }
},
{
    "model": "sessions.session",
    "pk": "qyss4756sjw7itfesahdfak5hs8myuw2",
    "fields": {
        "session_data": "ZGRmOGZiYTY2ZTVjYWZkMTYxYTllZGRjMWYwYTQxNjZmMTk2NGRhYTp7InJldHVybl90byI6Ii9hcGkvc3RvcmVfc2V0dGluZ3Mvbm90LXNldHVwLXN0b3JlLm15c2hvcGlmeS5jb20ifQ==",
        "expire_date": "2017-12-01T14:51:34.020Z"
    }
},
{
    "model": "sessions.session",
    "pk": "ueujzl3k1w6q4yh2tex3p2bysebbzk35",
    "fields": {
        "session_data": "N2QzNzJmZDc4ZTE0NDhmOTExZDUzNDZmYzczMjc5OWM4ZjQ0M2E5Yjp7InNob3BpZnkiOnsic2hvcF91cmwiOiJtaWNoYWVsLWpvaG4tZGV2cy5teXNob3BpZnkuY29tIn19",
        "expire_date": "2017-12-12T16:08:32.765Z"
    }
}
]
